video_name,link
Modulo O - Modulo G,https://drive.google.com/uc?id=1AGM5tCLLu83QS4TewcH95UHmIfdLUQrU&export=download
Modulo O - Modulo V2,https://drive.google.com/uc?id=19wDsW6XCooL4tqUGvHGKHYWnAVY_jji6&export=download
Modulo O - Modulo V,https://drive.google.com/uc?id=19tjJn_0AmThRQRFXWsO-5IczF7VPuPan&export=download
Modulo O - Entrada Boulevard,https://drive.google.com/uc?id=19l4aKqqcFzs40EIAbwyUzVx_7BBib-zF&export=download
Modulo N - Modulo V,https://drive.google.com/uc?id=19idW51Um6DMYA3UW6S4-xR81XjwX0puB&export=download
Modulo N - Modulo A,https://drive.google.com/uc?id=19eoTDfC2o6_TSI_VWKod-vvLQkgv8uUW&export=download
Modulo N - Entrada Boulevard,https://drive.google.com/uc?id=19dnQJRF0GHt7YeD-gjb8op4Smd4uQFX5&export=download
Modulo N - Modulo V2,https://drive.google.com/uc?id=19XSyUXfxS7htbnOT81dZ_gRlBdEdprK1&export=download
Modulo N - Modulo J,https://drive.google.com/uc?id=19U0bvcf8VpPWkWDWaKMDU8XLGDyAznlV&export=download
Modulo N - Modulo G,https://drive.google.com/uc?id=19SpGmjBhWsGOgEbvSCrYY1k3T2fZAXpg&export=download
Modulo N - Modulo F,https://drive.google.com/uc?id=19SCjnTSy-BhDmqeeWtkJOg6CHI2RELid&export=download
Modulo N - Modulo E,https://drive.google.com/uc?id=19Lv3mxxB5gLygA0IPx_PzXoOFJ9yVhbA&export=download
Modulo N - Biblioteca,https://drive.google.com/uc?id=192pqWXmOrVs1cDikTVofrAmBq4UaZZ9N&export=download
Modulo O - Modulo V,https://drive.google.com/uc?id=18eni-88hmxDIRDT7T5SJfdWTxaYQgm9W&export=download
Modulo O - Modulo K,https://drive.google.com/uc?id=15Yg2DPSTjOidcZWF65tWxyRg218TdPBB&export=download
Modulo O - Modulo J,https://drive.google.com/uc?id=15XJ-I2eV8V8CKWWnzPl6g5ZCfkDYa99k&export=download
Modulo O - Modulo F,https://drive.google.com/uc?id=15XIHov1f2jhNm8f0eDjOtvrkr6ZcDzmO&export=download
Modulo O - Modulo E,https://drive.google.com/uc?id=15RMVMz1i6aa4Ki7x6E2exi2mEXPLZ4EA&export=download
Modulo V - Entrada Boulevard ,https://drive.google.com/uc?id=15QiELjPJ6xur4HCnyiGXA-kqX8qEsaSf&export=download
Modulo V - Biblioteca,https://drive.google.com/uc?id=15GB3s6abQR2SkUomN_J5HI2LqgUPSuQg&export=download
Modulo V2 - Entrada Boulevard ,https://drive.google.com/uc?id=14_4SGq46PbwFk_sTX9rTbgPhr8Hf7Iwy&export=download
Modulo V2 - Biblioteca ,https://drive.google.com/uc?id=14W83Za7QIeQ_Bf1ahVXmLQN-7nHz95sw&export=download
Modulo S - Modulo V2,https://drive.google.com/uc?id=14VbPGoFunZJPcYQXxmABOXlNprWkgCUy&export=download
Modulo S - Modulo V,https://drive.google.com/uc?id=14S9R1rw19nrZvcxZCbXl-dXqav9eECIS&export=download
Modulo S - Entrada Boulevard ,https://drive.google.com/uc?id=14NPsXe4-go1jhf7ff2IbG_rztMRFvLR4&export=download
Modulo S - Biblioteca,https://drive.google.com/uc?id=14MpzsS8np6SSv9vDZ1vkvPLM5xmJCVBG&export=download
Modulo O - Modulo A,https://drive.google.com/uc?id=14DoyR7EG4LdRj5g0PFMFtuNfXl43PZxk&export=download
Modulo V - Modulo O,https://drive.google.com/uc?id=149RkdEd50zAc70bM46XrczBL0tw_Y-8c&export=download
Modulo V - Modulo N,https://drive.google.com/uc?id=145v6VIfBIOWjo2APE3IDOuwSIJSa_-RY&export=download
Modulo V - Modulo M,https://drive.google.com/uc?id=144qHuNaoitiZ6cQUpNjtOoTN2BubD6Wu&export=download
Modulo V - Modulo K,https://drive.google.com/uc?id=143Ub-AFFjiAkhGB7e0Tf4dlpI_P4i8CS&export=download
Modulo V - Modulo J,https://drive.google.com/uc?id=13w1nF6NLkSRv59FypPDoxT_TBA277VWr&export=download
Modulo V - Modulo F,https://drive.google.com/uc?id=13nK6mNd4FHIF6NRSJHEJ9dd01mGk86Qf&export=download
Modulo V - Modulo E,https://drive.google.com/uc?id=13kv_dgtucWB2DmQkn5Ev-2T20kSrY59T&export=download
Modulo V - Modulo G,https://drive.google.com/uc?id=13j9n2OlNT0QsxZivIKn_GLWqny6pxPLU&export=download
Modulo V2 - Modulo G,https://drive.google.com/uc?id=13hf5-nKCEgt3v2Ovb4AO_dw3kO9QZJbl&export=download
Modulo S - Modulo A,https://drive.google.com/uc?id=13giOWdN-_8bQ4rBHAfWR5EBUVV2d2oBj&export=download
Biblioteca - Entrada Boulevard,https://drive.google.com/uc?id=12lOqVXx86hb7OBfDJK-3gTgaRKNJGP4t&export=download
Modulo V2 - Modulo V,https://drive.google.com/uc?id=13amjxBULd5wLyHIlfbsUid7e5MoQH8bM&export=download
Modulo V2 - Modulo S,https://drive.google.com/uc?id=13XoFITQhyybA0d6nVWxGYS7UMqSFFwsk&export=download
Modulo V2 - Modulo O,https://drive.google.com/uc?id=13RBFvwlkAH71ehMSPFJFjfSMqHozkpRH&export=download
Modulo V2 - Modulo M,https://drive.google.com/uc?id=13JNtHwJZRxxL7QfwKjm_ErCD6Eu-m3rA&export=download
Modulo V2 - Modulo N,https://drive.google.com/uc?id=13DzW-E38RGa2Zf3NKBdRvSmG0uZdlyet&export=download
Modulo V2 - Modulo K,https://drive.google.com/uc?id=13CWdnZB6UdcQJh7PJnxprzaicpN4Kcou&export=download
Modulo V2 - Modulo J,https://drive.google.com/uc?id=13C-xKwQS0fpXSdP8_VzhRW59D329Xt5A&export=download
Modulo V2 - Modulo F,https://drive.google.com/uc?id=137c8pQgdNykEbbwAKkecmYGEksD5KwiO&export=download
Modulo V2 - Modulo E,https://drive.google.com/uc?id=137SNOgt-H-TzoiDGN6LMlE2ME0lykqWv&export=download
Modulo V2 - Modulo A,https://drive.google.com/uc?id=12rgie6oto7WXHB3TNjRHIsPWdUTzt85_&export=download
Biblioteca - Modulo V2,https://drive.google.com/uc?id=12hN87wDHiAOoKvjVK9xxFo0Jd7qQDhhF&export=download
Biblioteca - Modulo V,https://drive.google.com/uc?id=12c0GrLVgw84gjcqA-fYZCpFiynvd24GP&export=download
Biblioteca - Modulo S,https://drive.google.com/uc?id=12X74xoor4gHiCj5TmvyQLVOoHPmpwhKb&export=download
Biblioteca - Modulo O,https://drive.google.com/uc?id=12OeEPs36Cxa5RdjwiuD33C1M5epBWtYw&export=download
Boulevard - Modulo M,https://drive.google.com/uc?id=12GYoF9_p6bRrrA5XP_0djUa87gyOPf3t&export=download
Biblioteca - Modulo A,https://drive.google.com/uc?id=12NVfZww4y_8WM0LxIlzYS3WX-_aC8HCL&export=download
Boulevard - Modulo N,https://drive.google.com/uc?id=12I4PIydu_kSUuSRnryLDKe83NV8EDvAI&export=download
Boulevard - O,https://drive.google.com/uc?id=12A20jKZePKhYE63g63BranUkz-rf4Hb-&export=download
Boulevard - Modulo S,https://drive.google.com/uc?id=128e1SHOjY0Rdfa4sLcx-1V8iyX66gvCd&export=download
Modulo V - Modulo S,https://drive.google.com/uc?id=1272G27ZK_W-ZBbd3uWaVcD6CwYM4_atV&export=download
Boulevard - Modulo V2,https://drive.google.com/uc?id=12-GHcgA1zMfGghSM_z5MHOKZp6XtgW3O&export=download
Boulevard - Modulo K,https://drive.google.com/uc?id=11yNHsRJGY2OFyoKpsEKviing2U9XBwqp&export=download
Boulevard - Modulo V,https://drive.google.com/uc?id=11vtPj2gMDdhJ8895uiCv_NtyrkRG0xU7&export=download
Boulevard - Modulo K,https://drive.google.com/uc?id=11hotekRWve0rWFSkRd9fA_oH8SDZEApe&export=download
Modulo R - Modulo N,https://drive.google.com/uc?id=1oLb1LkZTpng53oheoShqvL9Fs8cdBYun&export=download
Modulo Q - Modulo P,https://drive.google.com/uc?id=1sMygjAAogC2yE_5yoJF48wZJ3u9xp7Tf&export=download
Modulo Q - Modulo O,https://drive.google.com/uc?id=1sJLLtyjefORoe67vNbuP3H7N1Tx5Ibhp&export=download
Modulo Q - Modulo O,https://drive.google.com/uc?id=1sDeNBUA2tIh-AL7VW7p-JElqkWCqrwd4&export=download
Modulo Q - Modulo N,https://drive.google.com/uc?id=1s8HHcbUf54D6AlHhg3u30wRsZyIT_m9Z&export=download
Modulo P - Modulo O,https://drive.google.com/uc?id=1sd_XTeRnFLnP6MzwmQi_-a0pRNLGb3AD&export=download
Modulo P - Modulo N,https://drive.google.com/uc?id=1sUWCTZ4oPH3jrv243zUn1q0Ks8iEbv_M&export=download
Modulo O - Modulo U,https://drive.google.com/uc?id=1pordUL6Z0YAsRrR0ajFLuy9EV9zGzT7M&export=download
Modulo O - Modulo T,https://drive.google.com/uc?id=1q1F14OQZOBrJpaVefY1_n2zrktiRYlRK&export=download
Biblioteca - Modulo N,https://drive.google.com/uc?id=1H1CYgFCZK-KZBgexHJKzDQ1XzBqI6Zaa&export=download
Biblioteca - Modulo M,https://drive.google.com/uc?id=1H8ZMwPo656stJesIZnIcVVMXB7cIz3OP&export=download
Biblioteca - Modulo K,https://drive.google.com/uc?id=1HLDjzFlI-idfCUi0zNfyUZzcz-HLdRmw&export=download
Biblioteca - Modulo J,https://drive.google.com/uc?id=1HPAbswazAyVclIHB5Z9pU1dnfss0HtFK&export=download
Biblioteca - Modulo F,https://drive.google.com/uc?id=1HRPnVFlWAME0c87nboeKC20cS5kFRLW1&export=download
Biblioteca - Modulo E,https://drive.google.com/uc?id=1HV60AiPfI5D7RK044RVDGDMTjbAARpzE&export=download
Modulo M - Alfamp4,https://drive.google.com/uc?id=1cGfQceINi5u7QBZYFDG8GwcXDFe3cSxB&export=download
Modulo M - Modulo K,https://drive.google.com/uc?id=1d77KjMkFZmqfZNByNVtiswdR0NTRluEp&export=download
Modulo K - Alfa,https://drive.google.com/uc?id=1ccS1nZ8fVCl1a7_BDXbWVbk6WASfBodO&export=download
Modulo K - Modulo S,https://drive.google.com/uc?id=1tY--NmM6xQVjmWWJXDMO6td1dTtOAlNO&export=download
Modulo K - Modulo O,https://drive.google.com/uc?id=1tc2-Azz2Ns5iXOBa6bcX4bJx_ieIWnT0&export=download
Modulo K - Modulo N,https://drive.google.com/uc?id=1d3Ya9OU2_zthatSygfB4_fbgXY7bDV9c&export=download
Modulo K - Modulo M,https://drive.google.com/uc?id=1d3lS2VgKMnSDx5Lf61pZ1iW5QME9Sz1e&export=download
Boulevard - Modulo K,https://drive.google.com/uc?id=11WZEBm_cwywN5TppEkHhMproRHeaTa_J&export=download
Boulevard - Modulo J,https://drive.google.com/uc?id=11Rfutngj_CJnyievCkpmswzyiQKhsuw8&export=download
Boulevard - Modulo F,https://drive.google.com/uc?id=11MOFscOrIRYMFEsK35nCKfYdq2SmJYuj&export=download
Boulevard - Modulo E,https://drive.google.com/uc?id=11JvPCXl6dU7Auci9X1fGAb6MqsPz4Jht&export=download
Boulevard - Biblioteca,https://drive.google.com/uc?id=11JeyXsv3_Y_HSCoOMlHPHxMlnoVl80PA&export=download
Boulevard - Modulo A,https://drive.google.com/uc?id=11A8_TQ1Vof6LovSMSJWymjumFiRFoeHl&export=download
Modulo O - Modulo G,https://drive.google.com/uc?id=116cgh9mf9d3ACmi52B97nENGSgHXgbDz&export=download
Modulo S - Modulo E,https://drive.google.com/uc?id=115l8KvYz56wpe_I-fHL6Qv2YZrmvEJ2b&export=download
Modulo S - Modulo J,https://drive.google.com/uc?id=10rXU7CdWdyVsgpbGfa295k3AkLm-umcc&export=download
Modulo S - Modulo F,https://drive.google.com/uc?id=1120b00Q6a-kISsUhvEZJ2RLXC6LdlURI&export=download
Modulo S - Modulo G,https://drive.google.com/uc?id=10nBk7V2adbrUJ_ZYIvu2CEUMQ1YOFzZM&export=download
Modulo S - Modulo K,https://drive.google.com/uc?id=10mV8_kE2YpJ5yzvnMfB0KA91f2LH0lAn&export=download
Modulo S - Modulo M,https://drive.google.com/uc?id=10dIuOIl1fhpKD0MhGGZbD7YiN9O60vDM&export=download
Modulo S - Modulo N,https://drive.google.com/uc?id=10bhyBNezmPHTutvNoPbuLb3PSD2a5GzR&export=download
Modulo S - Modulo O,https://drive.google.com/uc?id=10YfzkAEmwfW9i0f08b-vnSEFMpf5bo8R&export=download
Modulo W - Modulo V2,https://drive.google.com/uc?id=10IvUAm650zDVIES5bXEbq_3rpL3ShsFo&export=download
Modulo X - Modulo V2,https://drive.google.com/uc?id=102p66BfWz1iTKycOWi07Kd0LcGU5QXGE&export=download
Modulo V - Modulo V2,https://drive.google.com/uc?id=102XAko4_S6n5C2Eeub5zLn_7J-xz2Qbi&export=download
Modulo W - Modulo V,https://drive.google.com/uc?id=1-wuYxVQg0BgsJQUDYmbsmRky9zY-dz_b&export=download
Modulo X - Modulo V,https://drive.google.com/uc?id=1-vF3jWt1S1BDXwngofozr0_5bckVR9Tc&export=download
Modulo V - Modulo W,https://drive.google.com/uc?id=1-ujly2xuLL8xJqfof0xCj-GukYOQgVYB&export=download
Modulo V - Modulo X,https://drive.google.com/uc?id=1-rdjSOCO1WniPoEWqkTkwNKa-FWkRBcr&export=download
Modulo J - Modulo F,https://drive.google.com/uc?id=1J4f4cvU2r5gjzqHezdeurQKvajNDCtJ3&export=download
Modulo J - Modulo K,https://drive.google.com/uc?id=1J1mt1FZ2-dU023efOgwU9DZLqChQbxNS&export=download
Modulo J - Modulo M,https://drive.google.com/uc?id=1IxB0gqyaYVTW76BX0jZ5gARWhi3ZZZKo&export=download
Modulo J - Modulo N,https://drive.google.com/uc?id=1Is7pCEG-2YyH0uiCxw0-2hASn22Gkn5-&export=download
Modulo O - Revolucion,https://drive.google.com/uc?id=1plTWF_FeriJOnH_KKoBO8IWFYHcunL1O&export=download
Modulo F - Modulo J,https://drive.google.com/uc?id=1Iq41vpzFElg882I8Ev54p2JEMZYMtNmV&export=download
Modulo O - Modulo R,https://drive.google.com/uc?id=1qCiYcelo7_xEWTZTH-4kt7HzF-pp0-Gm&export=download
Modulo F - Modulo K,https://drive.google.com/uc?id=1Iknq-c09cmPBCxMiCifyWpRhDUbcCBnp&export=download
Modulo N - Modulo UCT2,https://drive.google.com/uc?id=1shN0XtWwQ-NhifKP6pELtcZnVwe2qN-F&export=download
Modulo F - Modulo N,https://drive.google.com/uc?id=1IZ2iDtJymlHY0i3YR5rXQcpT-L9DVTkF&export=download
Modulo F - Modulo M,https://drive.google.com/uc?id=1IXYRlqHyNozK2TWj2DKsekVYnRsZAHkq&export=download
Modulo N - Modulo UCT1,https://drive.google.com/uc?id=1cGTyAj-Dtbqy_lFHGT3zvsMCjkzNVtN3&export=download
Modulo E - Modulo J,https://drive.google.com/uc?id=1IJOb4keEUdQNVBpJZdwdIWozntHUyC-9&export=download
Modulo N - Modulo U,https://drive.google.com/uc?id=1pXWnBFBkSdbh0cNXWIzUJPAdrPINyyip&export=download
Modulo E - Modulo K,https://drive.google.com/uc?id=1ICHUb9I519ZGpm4M0Mh7u5n_yZiu1oyd&export=download
Modulo N - Revolucion,https://drive.google.com/uc?id=1pPnsuiRumZ0lGUX4qc3LZs4nIgmi-1-U&export=download
Modulo E - Modulo N,https://drive.google.com/uc?id=1IB_rNsnlYZZQp8FowzbIt7YkdYrH7-Ez&export=download
Modulo E - Modulo M,https://drive.google.com/uc?id=1I86vY2uNjGpehWGc6KKM6_L0fKK2RZ-l&export=download
Modulo N - Modulo Y,https://drive.google.com/uc?id=1HzZnOSCSPgEms0_VcskGDEup0eiJaFVM&export=download
Modulo N - Modulo Z2,https://drive.google.com/uc?id=1HxJjFEw9SGuLCTn9ynFQ--gL8YxVZQE0&export=download
Modulo J - Modulo E,https://drive.google.com/uc?id=1GjjRBIT8KPKo1YSpsx26y1mdYL2adUf4&export=download
Modulo A - Biblioteca,https://drive.google.com/uc?id=1HpdmDJocyqm1BEGJzGrCwsN6o09CAJWI&export=download
Modulo A - Modulo E,https://drive.google.com/uc?id=1HoInRyjuj2cWXm7XKpWnh2V_ILDKketW&export=download
Modulo N - Modulo T,https://drive.google.com/uc?id=1oxF_ljrh13UNnIESqmaggwKPp9k4wRIi&export=download
Modulo A - Modulo F,https://drive.google.com/uc?id=1HnzgNWWo8UYA3LRaEBLWhY702fGIKN8U&export=download
Modulo N - Modulo R,https://drive.google.com/uc?id=1p45rKIvDG5xKawjpQ5Qvzm3BqL1-MV78&export=download
Modulo N - Modulo O,https://drive.google.com/uc?id=1pDeNF55Fq3ySkxr6Wsry4fDvHuwIQBSq&export=download
Modulo A - Modulo J ,https://drive.google.com/uc?id=1HnsuursNjIF5ZPLbKo9y68Cju_esqCEW&export=download
Modulo N - Modulo K,https://drive.google.com/uc?id=1d7hav6_IM19elpFnKatPaGcBBWjA3f0L&export=download
Modulo A - Modulo K,https://drive.google.com/uc?id=1HioT9EFcDn1bDzggZex5necgwRdLioT0&export=download
Modulo A - Modulo M,https://drive.google.com/uc?id=1HbvD-JA1KQevKOs_mIWdpLakoYkX-yvy&export=download
Modulo A - Modulo N,https://drive.google.com/uc?id=1HYbMyeaVtM6zy6V0-GsCP4mwNHB7mAap&export=download
S_S2,https://drive.google.com/uc?id=1G_09SfYU93vXy6oXfAH_9pfne4G8GmX0&export=download
S_X,https://drive.google.com/uc?id=1GQuUzNQfhOv8d-UqisKeqb5_Nur2m7ls&export=download
Revolucion_L,https://drive.google.com/uc?id=1u54Kk-cVxI3HuSoG83W9zqssCQqIjvht&export=download
Revolucion_L,https://drive.google.com/uc?id=1tUS_GLvSYnZxsl32zDWa-8RGRn2y6JLy&export=download
R_Q,https://drive.google.com/uc?id=1tKovOiC20xfMmRzW1ZxTsgRptFj2WJ7M&export=download
R_Titanic,https://drive.google.com/uc?id=1tIuMsb8Jbh5KnGiViqZEcgNhAxXZ1cwA&export=download
UCT2_L,https://drive.google.com/uc?id=1t48kx34_nuzBKUh811GwQaVEs3v8smYq&export=download
UCT2_Revolucion,https://drive.google.com/uc?id=1t3MR3_q4zKUvs82oT6DtbdKSwv4JqcYF&export=download
UCT2_Q,https://drive.google.com/uc?id=1t-IGk3_UM9J_u_PdrM0wbkZJz0h3AZw0&export=download
UCT2_Titanic,https://drive.google.com/uc?id=1st4hTRSsF4jr5MI-wtqGWJB2SOWm7Hc9&export=download
UCT2_Revolucion,https://drive.google.com/uc?id=1sravrSX1JsBa3PeXxd1zYKkl261GfyUL&export=download
Titanic_Q,https://drive.google.com/uc?id=1ryao-5_kOzQxJUn_dDTr7Cr7WDoYE611&export=download
Titanic_P,https://drive.google.com/uc?id=1ruh4KMJ9hGblvbBUS-ku9pzCHFWUoUZH&export=download
Titanic_O,https://drive.google.com/uc?id=1rugUpKxQy2Reu4a6F8Ko2O0Y6ETc4WvC&export=download
Titanic_N,https://drive.google.com/uc?id=1ruXC13WO2ABR_yzI1AC5KoxKf_prCB5_&export=download
Revolucion_Q,https://drive.google.com/uc?id=1qxve4GONTpdiILZrw4eYngA4yyfnagjJ&export=download
Revolucion_Titanic,https://drive.google.com/uc?id=1qqFREAMObqsZnCcRaLaMoBInttKWx09f&export=download
Revolucion_P,https://drive.google.com/uc?id=1qkH_Ufxuiq7i6u-s2ay-4LHbCJ2x0Stg&export=download
R_U,https://drive.google.com/uc?id=1qZqRFxUqBbvjkEtIqdJ7tgpNCndYmNB1&export=download
R_Revolucion,https://drive.google.com/uc?id=1qXide_8BvNG5c7Qo42D2dfPnVjXebFwH&export=download
R_U,https://drive.google.com/uc?id=1qPM1csPVWaY9AG6pVWfrJP45exM4_Xbj&export=download
R_T,https://drive.google.com/uc?id=1qNGdwqYLSfKoj_e8beyprI-AP43piAa-&export=download
U_Revolucion,https://drive.google.com/uc?id=1qJVQvC08JDFtaKz-lGFU2va9Bv6PGCg5&export=download
T_Revolucion,https://drive.google.com/uc?id=1qFbC3YaLNcE-9FJnJKWQ4mzSt137Obbf&export=download
R_O,https://drive.google.com/uc?id=1pc41zHR2uBOs3jw1Ts359TCsuJhnU9qX&export=download
T_N,https://drive.google.com/uc?id=1ov-4QtxcE1pfFZq8EhAamAQLNykPmQ2U&export=download
T_O,https://drive.google.com/uc?id=1o7f2Bs-KmjiWhLu8yjKlf5-z3MaiUIhm&export=download
T_R,https://drive.google.com/uc?id=1o7FLbJSXOP6LSGoRN8Xr3bTewIe-2hmH&export=download
U_O,https://drive.google.com/uc?id=1nlzaxtdi4Wos0JZ7e1BKvo3TTBBZdhPz&export=download
U_N,https://drive.google.com/uc?id=1nVuGvoiI_N9CIlFbnKlTaAseQucA2OXD&export=download
U_R,https://drive.google.com/uc?id=1nKgSVaWW2t9_Bw-1I3oSR7MiNSPEi94n&export=download
Revolucion_N,https://drive.google.com/uc?id=1n29-YM7x5nyqO91SnizEmgs0mQcza5xz&export=download
Revolucion_O,https://drive.google.com/uc?id=1n1njCfUEBsSzHa1tFDEiDPmT63AWWznC&export=download
Revolucion_R,https://drive.google.com/uc?id=1mlILGUqezeWKhWF8o2NSEaogXKpii6Sx&export=download
Revolucion_T,https://drive.google.com/uc?id=1dy7maX4Ry9Tlx7FRtPvwJYKbKgBPX6HE&export=download
Revolucion_U,https://drive.google.com/uc?id=1dT37O1eIjAgGqqb9WOSTX2MtodXANdJW&export=download
UCT1_M,https://drive.google.com/uc?id=1dCb9K_O47ks4431Ad5cpnxkqVtQ6luGd&export=download
UCT1_N,https://drive.google.com/uc?id=1csS-GvxsNsRsoRvETMbfYkSIDZE9WnoS&export=download
